{"cameraMode":{"drawMode":0,"name":"Shaded","section":"Shading Mode"},"sceneLighting":true,"audioPlay":false,"sceneViewState":{"m_AlwaysRefresh":false,"showFog":true,"showSkybox":true,"showFlares":true,"showImageEffects":true,"showParticleSystems":true,"showVisualEffectGraphs":true,"m_FxEnabled":true},"in2DMode":false,"pivot":{"x":-15.103090286254883,"y":-21.283409118652345,"z":23.293167114257814},"rotation":{"x":0.36051538586616518,"y":-0.28408733010292055,"z":0.11630213260650635,"w":0.8808207511901856},"size":22.84867286682129,"orthographic":false}