{"cameraMode":{"drawMode":0,"name":"Shaded","section":"Shading Mode"},"sceneLighting":true,"audioPlay":false,"sceneViewState":{"m_AlwaysRefresh":false,"showFog":true,"showSkybox":true,"showFlares":true,"showImageEffects":true,"showParticleSystems":true,"showVisualEffectGraphs":true,"m_FxEnabled":true},"in2DMode":false,"pivot":{"x":-60.650001525878909,"y":10.563591003417969,"z":-30.829998016357423},"rotation":{"x":-0.28584516048431399,"y":0.16311414539813996,"z":-0.049482088536024097,"w":-0.9430496096611023},"size":8.260746002197266,"orthographic":false}