{"cameraMode":{"drawMode":0,"name":"Shaded","section":"Shading Mode"},"sceneLighting":false,"audioPlay":false,"sceneViewState":{"m_AlwaysRefresh":false,"showFog":true,"showSkybox":false,"showFlares":true,"showImageEffects":true,"showParticleSystems":true,"showVisualEffectGraphs":true,"m_FxEnabled":true},"in2DMode":false,"pivot":{"x":0.06557703763246536,"y":-0.6332463026046753,"z":-0.3564043343067169},"rotation":{"x":-0.20041650533676148,"y":-0.2956780791282654,"z":0.06352250277996063,"w":-0.9319216012954712},"size":0.8660253882408142,"orthographic":false}